,id,tweet_text,tweet_label,claim,tweet_date,num_hashtags,hashtag_text,has_link,polarity,subjective,pos_words,neg_words,misinfo_words,debunk_words,misinfo_hashtags,debunk_hashtags,hyperpartisan,followers,verified
0,1250458019625926656,WHO getting comments would like read @WHO @drtedros change name WHO CHO china health organisation #ChinaLiedPeopleDied #WhoCanSave_The_World #Whoareyou #whofunding,IRRELEVANT, ,"Aug 4, 2020 @ 16:22:52.000",4,ChinaLiedPeopleDied WhoCanSave_The_World Whoareyou whofunding,False,positive,True,0,0,7,5,1,1,0,100,False
1,1250455392674447360,@WHO @drtedros change name WHO CHO china health organisation #ChinaLiedPeopleDied,IRRELEVANT, ,"Aug 4, 2020 @ 16:22:52.000",1,ChinaLiedPeopleDied,True,neutral,False,0,0,3,2,1,1,0,100,False
2,1250458194830295048,many killed dems banned use medications needed treat religion doesnt kill,MISINFO, ,"Aug 4, 2020 @ 16:22:52.000",0,,True,negative,True,0,0,8,6,0,0,0,100,False
3,1250456354826813440,need find states prepared governors,COMMENT, ,"Aug 4, 2020 @ 16:22:52.000",0,,True,positive,True,0,0,3,2,0,0,0,100,False
4,1250461524423933952,cant stop denying cant fear called conspiracy theorist thats game,MISINFO, ,"Aug 4, 2020 @ 16:22:52.000",0,,True,positive,True,0,0,8,2,0,0,0,100,False
5,1250459763629932545,@brianhassine @realdonaldtrump another red flag went tom hanks wife rita wilson suddenly went public,COMMENT, ,"Aug 4, 2020 @ 16:22:52.000",0,,True,neutral,False,0,0,4,3,0,0,0,100,False
6,1250461732071301128,I love #Japan japanese people cheering US secretary state mike pompeo comment holding china accountable see number retweetslikes translation replies etc #StandTogether #COVID19 #WuhanVirus #ChineseVirus #Japan,IRRELEVANT, ,"Aug 4, 2020 @ 16:22:52.000",6,Japan StandTogether COVID19 WuhanVirus ChineseVirus Japan,False,positive,True,0,0,9,6,3,2,0,100,False
7,1250459656494788609,japanese people cheering US secretary state mike pompeo comment holding china accountable se,IRRELEVANT, ,"Aug 4, 2020 @ 16:22:52.000",0,,True,positive,True,0,0,5,3,0,0,0,100,False
8,1250461855543365633,#ChineseVirus biological attack weak sort evidence available cig look #COVID19 #China didnt warn public likely #pandemic 6 key days #Coronavirus #CCPVirus #LockdownExtended,MISINFO, ,"Aug 4, 2020 @ 16:22:52.000",7,ChineseVirus COVID19 China pandemic Coronavirus CCPVirus LockdownExtended,True,negative,True,0,0,10,6,6,4,0,100,False
9,1250463216779567106,lets hope something happens chinese people deserve better government #WarRoomPandemic PREMIERE 8pm ET theres silver lining horrible pandemicits waking world true nature communist party china @washtimess @billgertz discuss #CCPvirus origins new cold war #CCP,RELEVANT, ,"Aug 4, 2020 @ 16:22:52.000",3,WarRoomPandemic CCPvirus CCP,True,positive,True,0,0,17,13,3,0,0,100,False
10,1250461730624491522,PREMIERE 8pm ET theres silver lining horrible pandemicits,COMMENT, ,"Aug 4, 2020 @ 16:22:52.000",0,,True,negative,True,0,0,1,0,0,0,0,100,False
11,1250463272907624448,spare sometime read world post covid19 informed A must read #covid19 #ChineseVirus #ChineseBioterrorism #WuhanCoronaVirus spare sometime read,RELEVANT, ,"Aug 4, 2020 @ 16:22:52.000",4,covid19 ChineseVirus ChineseBioterrorism WuhanCoronaVirus,True,neutral,False,0,0,5,5,2,1,0,100,False
12,1250459147163693059,world post covid19 informed A must read #covid19 #ChineseVirus,MISINFO, ,"Aug 4, 2020 @ 16:22:52.000",2,covid19 ChineseVirus,True,neutral,False,0,0,3,3,2,1,0,100,False
13,1250463383306067968,heres wednesday reminder donald trump said january 30th COVID19 control AND went,MISINFO, ,"Aug 4, 2020 @ 16:22:52.000",0,,True,neutral,False,0,0,4,2,0,0,0,100,False
14,1250465497222692875,WAKING UP PERIOD IS SILVER LINING CCP take care bout woodchucks woodp,COMMENT, ,"Aug 4, 2020 @ 16:22:52.000",0,,True,positive,True,0,0,2,2,0,0,0,100,False
15,1250461730624491522,PREMIERE 8pm ET theres silver lining horrible pandemicits,COMMENT, ,"Aug 4, 2020 @ 16:22:52.000",0,,True,negative,True,0,0,1,0,0,0,0,100,False
16,1250465978732945408,like rahuleshwar many r I guess #HydroxyChloroQuine india send HCQ medicines malaysia side pakistan turkey kashmir india addition fugitive terrorist called zakir naik,MISINFO, ,"Aug 4, 2020 @ 16:22:52.000",1,HydroxyChloroQuine,False,negative,True,0,0,9,6,0,0,0,100,False
17,1250464428652285952,#HydroxyChloroQuine india send HCQ medicines malaysia side pakistan turke,IRRELEVANT, ,"Aug 4, 2020 @ 16:22:52.000",1,HydroxyChloroQuine,True,neutral,False,0,0,3,2,0,0,0,100,False
18,1250466126447820801,#Thread #WuhanVirus #COVIDー19 calculate real fatality rate judge #StatePerformance better,MISINFO, ,"Aug 4, 2020 @ 16:22:52.000",4,Thread WuhanVirus COVIDー19 StatePerformance,True,negative,True,0,0,4,3,1,1,0,100,False
19,1250465466901884929,#Thread #WuhanVirus #COVIDー19 #StatePerformance calculate real fatality course ongo,MISINFO, ,"Aug 4, 2020 @ 16:22:52.000",4,Thread WuhanVirus COVIDー19 StatePerformance,True,negative,True,0,0,3,1,1,1,0,100,False
20,1250466243024306177,I rather doubt @thewho would agree WHO fund know #WHOLiedPeopleDied #WHO,RELEVANT, ,"Aug 4, 2020 @ 16:22:52.000",2,WHOLiedPeopleDied WHO,True,neutral,False,0,0,5,3,1,1,0,100,False
21,1250466312842665984,addition nature US media democrat party PREMIERE 8pm ET theres silver lining horrible pandemicits waking world true nature communist party china @washtimess @billgertz discuss #CCPvirus origins new cold war #CCP,MISINFO, ,"Aug 4, 2020 @ 16:22:52.000",2,CCPvirus CCP,True,negative,True,0,0,14,10,2,0,0,100,False
22,1250461730624491522,PREMIERE 8pm ET theres silver lining horrible pandemicits,COMMENT, ,"Aug 4, 2020 @ 16:22:52.000",0,,True,negative,True,0,0,1,0,0,0,0,100,False
23,1250466510398722058,indepth interview ccps virus cover PREMIERE 8pm ET theres silver lining horrible pandemicits waking world true nature communist party china @washtimess @billgertz discuss #CCPvirus origins new cold war #CCP,MISINFO, ,"Aug 4, 2020 @ 16:22:52.000",2,CCPvirus CCP,True,negative,True,0,0,13,9,2,0,0,100,False
24,1250461730624491522,PREMIERE 8pm ET theres silver lining horrible pandemicits,COMMENT, ,"Aug 4, 2020 @ 16:22:52.000",0,,True,negative,True,0,0,1,0,0,0,0,100,False
25,1250466585682292736,see alone #OPENAMERICANOW #opentheworldnow coronavirus latest german easing lockdown start schools may 4 lets get lives going panic top #ChinaLiedPeopleDied #ChinaMustPay #WHO needs investigated need #OpenAmericaNow,MISINFO, ,"Aug 4, 2020 @ 16:22:52.000",6,OPENAMERICANOW opentheworldnow ChinaLiedPeopleDied ChinaMustPay WHO OpenAmericaNow,True,negative,True,0,0,12,12,4,2,0,100,False
26,1250464122065408000,coronavirus latest german easing lockdown start schools may 4 lets get lives going T,COMMENT, ,"Aug 4, 2020 @ 16:22:52.000",0,,True,positive,True,0,0,8,8,0,0,0,100,False
27,1250466911239974914,doesnt china agree pay united states pays usually pays pay pay NOTHING china tells US fulfill obligations reverse WHO defunding doesnt china fulfill obligations world come clean #ChinaLiedPeopleDied via @breitbartnews,RELEVANT, ,"Aug 4, 2020 @ 16:22:52.000",1,ChinaLiedPeopleDied,True,positive,True,0,0,16,11,1,1,0,100,False
28,1250463864078163970,china tells US fulfill obligations reverse WHO defunding doesnt china fulfill obligations,MISINFO, ,"Aug 4, 2020 @ 16:22:52.000",0,,True,positive,True,0,0,5,4,0,0,0,100,False
29,1250467381064990727,china pay part next 10 years china tells US fulfill obligations reverse WHO defunding doesnt china fulfill obligations world come clean #ChinaLiedPeopleDied via @breitbartnews,MISINFO, ,"Aug 4, 2020 @ 16:22:52.000",1,ChinaLiedPeopleDied,True,positive,True,0,0,14,10,1,1,0,100,False
30,1250463864078163970,china tells US fulfill obligations reverse WHO defunding doesnt china fulfill obligations,MISINFO, ,"Aug 4, 2020 @ 16:22:52.000",0,,True,positive,True,0,0,5,4,0,0,0,100,False
31,1250467507938435073,dont cave @POTUS WHO done america wrong @sentedcruz @lindseygrahamsc @randpaul @repratcliffe,IRRELEVANT, ,"Aug 4, 2020 @ 16:22:52.000",0,,True,negative,True,0,0,4,2,0,0,0,100,False
32,1250463864078163970,china tells US fulfill obligations reverse WHO defunding doesnt china fulfill obligations,MISINFO, ,"Aug 4, 2020 @ 16:22:52.000",0,,True,positive,True,0,0,5,4,0,0,0,100,False
33,1250467518520520707,great question humble opinion COVID19 used push globalists agenda power control,COMMENT, ,"Aug 4, 2020 @ 16:22:52.000",0,,True,positive,True,0,0,5,2,0,0,0,100,False
34,1250465492692881411,@scruten_eyes @andrewscheer @haveweallgonem1 CANADA #HYDROXYCHLOROQUINE question cure n,IRRELEVANT, ,"Aug 4, 2020 @ 16:22:52.000",1,HYDROXYCHLOROQUINE,True,neutral,False,0,0,1,2,1,0,0,100,False
35,1250467602159276032,@tmajorjames @thealphabull @laurelcoons @ourworldindata yep thought start day flashbackthe #CDC perfect either lots blame go around CDC #WHO dropped ball partisan politics ways hass fried USA #Gridlock could demise #SARSCoV2 #COVID19 #WHOLiedPeopleDied #WednesdayWisdom #bailouthumans #iPhone,MISINFO, ,"Aug 4, 2020 @ 16:22:52.000",9,CDC WHO Gridlock SARSCoV2 COVID19 WHOLiedPeopleDied WednesdayWisdom bailouthumans iPhone,True,positive,True,0,0,9,5,4,4,0,100,False
36,1250457657586089987,flashbackthe #CDC perfect either lots blame go around CDC #WHO dropped ba,MISINFO, ,"Aug 4, 2020 @ 16:22:52.000",2,CDC WHO,True,positive,True,0,0,5,2,2,2,0,100,False
37,1250468136039546880,ya thats happens lying 2 face traitorous fuck listen bastard lets slip ALL time true loyalties lie @justintrudeau elected PM canada king world WORLD er country #TrudeauMustGo #TrudeauDictatorship #NoUN #WHOLiedPeopleDied #COVID19,IRRELEVANT, ,"Aug 4, 2020 @ 16:22:52.000",5,TrudeauMustGo TrudeauDictatorship NoUN WHOLiedPeopleDied COVID19,True,negative,True,0,0,13,9,1,1,0,100,False
38,1250456373629943809,listen bastard lets slip ALL time true loyalties lie @justintrudeau,COMMENT, ,"Aug 4, 2020 @ 16:22:52.000",0,,True,positive,True,0,0,4,4,0,0,0,100,False
39,1250468315597684737,OMG didnt realize josh hammer THIS stupid wednesday reminder chinese communist party #ChinaLiedPeopleDied,MISINFO, ,"Aug 4, 2020 @ 16:22:52.000",1,ChinaLiedPeopleDied,True,negative,True,0,0,6,2,1,1,0,100,False
40,1250468440705466369,feel free get I swear god get gums wont brave youll dead tell,RELEVANT, ,"Aug 4, 2020 @ 16:22:52.000",0,,True,positive,True,0,0,6,6,0,0,0,100,False
41,1250458646116470786,@trulyexhausted NC city picture raleigh charlotte sooooooo scary #Lies,IRRELEVANT, ,"Aug 4, 2020 @ 16:22:52.000",1,Lies,True,negative,True,0,0,0,0,0,0,0,100,False
42,1250468745362862081,worth watch #WednesdayWisdom #QuarantineLife guess used term wuhan pneumonia #coronavirus #COVID19 #Trump #China #WorldHealthOrganization #WHO #WuhanVirus #WuhanCoronaVirus #StandwithHK #nnevvy #香港 tedros china stigmatized china world health organization #1,MISINFO, ,"Aug 4, 2020 @ 16:22:52.000",14,WednesdayWisdom QuarantineLife coronavirus COVID19 Trump China WorldHealthOrganization WHO WuhanVirus WuhanCoronaVirus StandwithHK nnevvy 香港 1,True,positive,True,0,0,9,7,6,7,0,100,False
43,1250464036514344963,guess used term wuhan pneumonia #coronavirus #COVID19 #Trump #China #WorldHealthOrganization #WHO,MISINFO, ,"Aug 4, 2020 @ 16:22:52.000",6,coronavirus COVID19 Trump China WorldHealthOrganization WHO,True,neutral,False,0,0,4,2,5,5,0,100,False
44,1250469261140791297,dont lock bunch every damn part china tells US fulfill obligations reverse WHO defunding doesnt china fulfill obligations world come clean #ChinaLiedPeopleDied via @breitbartnews,COMMENT, ,"Aug 4, 2020 @ 16:22:52.000",1,ChinaLiedPeopleDied,True,positive,True,0,0,12,10,1,1,0,100,False
45,1250463864078163970,china tells US fulfill obligations reverse WHO defunding doesnt china fulfill obligations,MISINFO, ,"Aug 4, 2020 @ 16:22:52.000",0,,True,positive,True,0,0,5,4,0,0,0,100,False
46,1250469347757150208,really smart people easily develop expertise new areas gates working global health initiatives,IRRELEVANT, ,"Aug 4, 2020 @ 16:22:52.000",0,,True,positive,True,0,0,8,5,0,0,0,100,False
47,1250463203521331206,must missed @billgates career switch microsoft salesman medical epidemiologist reminds ce,COMMENT, ,"Aug 4, 2020 @ 16:22:52.000",0,,True,negative,True,0,0,2,3,0,0,0,100,False
48,1250469539273474048,sanders sold quicker toilet paper endless lockdown enters 127th year good know good things still happening like humiliation people dumb enough back bernie sanders #FeelTheBern vern #GrandpaBadfinger #Biden2020 #CCPVirus #KungFlu,COMMENT, ,"Aug 4, 2020 @ 16:22:52.000",5,FeelTheBern GrandpaBadfinger Biden2020 CCPVirus KungFlu,True,positive,True,0,0,13,10,1,1,0,100,False
49,1250468863923216385,endless lockdown enters 127th year good know good things still happening like hu,COMMENT, ,"Aug 4, 2020 @ 16:22:52.000",0,,True,positive,True,0,0,9,6,0,0,0,100,False
50,1250469840470585344,THATS A MORTALITY RATE AMONG KNOWN INFECTIONS OF 003 wonder many died natural causes,COMMENT, ,"Aug 4, 2020 @ 16:22:52.000",0,,True,negative,True,0,0,3,3,0,0,0,100,False
51,1250467674217480192,9000 US #HealthcareWorkers tested positive #CCPVirus space 2 months 27 died,COMMENT, ,"Aug 4, 2020 @ 16:22:52.000",2,HealthcareWorkers CCPVirus,True,neutral,False,0,0,6,4,1,1,0,100,False
52,1250470211351982081,fake news italy denied taking #Hydroxychloroquine india stating drinking water daughters inlaw house prohibited @narendramodi @rahulgandhi @incindia,MISINFO, ,"Aug 4, 2020 @ 16:22:52.000",1,Hydroxychloroquine,False,negative,True,0,0,6,3,1,1,0,100,False
53,1250469795407048706,italy denied taking #Hydroxychloroquine india stating drinking water daughters inlaw house prohibited,MISINFO, ,"Aug 4, 2020 @ 16:22:52.000",1,Hydroxychloroquine,True,negative,True,0,0,4,1,1,1,0,100,False
54,1250471001604812801,oh delhi reports 17 new cases nice hopefully come control soon delhi reports lowest daily #ChineseVirus cases since mar 28 17 cases since yday total cases 1578 india might turner corner,MISINFO, ,"Aug 4, 2020 @ 16:22:52.000",1,ChineseVirus,False,positive,True,0,0,16,7,1,0,0,100,False
55,1250469894140747778,delhi reports lowest daily #ChineseVirus cases since mar 28 17 cases since yday total cases 1578 indi,COMMENT, ,"Aug 4, 2020 @ 16:22:52.000",1,ChineseVirus,True,negative,True,0,0,7,4,1,0,0,100,False
56,1250471128537030657,underrated stalwart many hijdas call corrupt framed underrated performer #ChineseVirus season,COMMENT, ,"Aug 4, 2020 @ 16:22:52.000",1,ChineseVirus,True,neutral,False,0,0,4,1,1,0,0,100,False
57,1250471354119438336,cut feed source pigs start squeal china tells US fulfill obligations reverse WHO defunding doesnt china fulfill obligations world come clean #ChinaLiedPeopleDied via @breitbartnews,MISINFO, ,"Aug 4, 2020 @ 16:22:52.000",1,ChinaLiedPeopleDied,True,positive,True,0,0,10,8,1,1,0,100,False
58,1250463864078163970,china tells US fulfill obligations reverse WHO defunding doesnt china fulfill obligations,MISINFO, ,"Aug 4, 2020 @ 16:22:52.000",0,,True,positive,True,0,0,5,4,0,0,0,100,False
59,1250472201993752579,THE @WHO AND CHINA china tells US fulfill obligations reverse WHO defunding doesnt china fulfill obligations world come clean #ChinaLiedPeopleDied via @breitbartnews,RELEVANT, ,"Aug 4, 2020 @ 16:22:52.000",1,ChinaLiedPeopleDied,True,positive,True,0,0,8,7,1,1,0,100,False
60,1250463864078163970,china tells US fulfill obligations reverse WHO defunding doesnt china fulfill obligations,MISINFO, ,"Aug 4, 2020 @ 16:22:52.000",0,,True,positive,True,0,0,5,4,0,0,0,100,False
61,1250472237292900352,bring pictures leader hhahaha show something united nations vs one china fricking xi jin,RELEVANT, ,"Aug 4, 2020 @ 16:22:52.000",0,,True,positive,True,0,0,6,6,0,0,0,100,False
62,1250470567964106752,chinese people stupid brainwashed xi jin pooh #China #CCPVirus #MilkTeaAlliance,MISINFO, ,"Aug 4, 2020 @ 16:22:52.000",3,China CCPVirus MilkTeaAlliance,True,negative,True,0,0,3,2,2,1,0,100,False
63,1250472363075997697,thank president trump #BestPresidentEver45 THANK YOU @realdonaldtrump watch compassion president trump #COVID19 survivor took #hydroxychloroquine secondary complication lyme disease high risk medication #HYDROXYCHLOROQUINE saved life thank god trump,MISINFO, ,"Aug 4, 2020 @ 16:22:52.000",4,BestPresidentEver45 COVID19 hydroxychloroquine HYDROXYCHLOROQUINE,True,positive,True,0,0,13,9,3,2,0,100,False
64,1250465886063878145,THANK YOU @realdonaldtrump watch compassion president trump #COVID19 survivor took,MISINFO, ,"Aug 4, 2020 @ 16:22:52.000",1,COVID19,True,positive,True,0,0,3,2,1,1,0,100,False
65,1250472472874569728,great time examine WHO funding 9000 US #HealthcareWorkers tested positive #CCPVirus space 2 months 27 died according report released april 14 @cdcgov,MISINFO, ,"Aug 4, 2020 @ 16:22:52.000",2,HealthcareWorkers CCPVirus,True,positive,True,0,0,12,8,1,1,0,100,False
66,1250467674217480192,9000 US #HealthcareWorkers tested positive #CCPVirus space 2 months 27 died,COMMENT, ,"Aug 4, 2020 @ 16:22:52.000",2,HealthcareWorkers CCPVirus,True,neutral,False,0,0,6,4,1,1,0,100,False
67,1250472570853392384,truly one A billion thank president trump @realdonaldtrump THANK YOU @realdonaldtrump watch compassion president trump #COVID19 survivor took #hydroxychloroquine secondary complication lyme disease high risk medication #HYDROXYCHLOROQUINE saved life thank god trump,MISINFO, ,"Aug 4, 2020 @ 16:22:52.000",3,COVID19 hydroxychloroquine HYDROXYCHLOROQUINE,True,positive,True,0,0,14,11,3,2,0,100,False
68,1250465886063878145,THANK YOU @realdonaldtrump watch compassion president trump #COVID19 survivor took,MISINFO, ,"Aug 4, 2020 @ 16:22:52.000",1,COVID19,True,positive,True,0,0,3,2,1,1,0,100,False
69,1250472694669168640,china get business country china tells US fulfill obligations reverse WHO defunding doesnt china fulfill obligations world come clean #ChinaLiedPeopleDied via @breitbartnews,COMMENT, ,"Aug 4, 2020 @ 16:22:52.000",1,ChinaLiedPeopleDied,True,positive,True,0,0,12,10,1,1,0,100,False
70,1250463864078163970,china tells US fulfill obligations reverse WHO defunding doesnt china fulfill obligations,MISINFO, ,"Aug 4, 2020 @ 16:22:52.000",0,,True,positive,True,0,0,5,4,0,0,0,100,False
71,1250472825854533632,im proud call @realdonaldtrump president #Trump2020 THANK YOU @realdonaldtrump watch compassion president trump #COVID19 survivor took #hydroxychloroquine secondary complication lyme disease high risk medication #HYDROXYCHLOROQUINE saved life thank god trump,MISINFO, ,"Aug 4, 2020 @ 16:22:52.000",4,Trump2020 COVID19 hydroxychloroquine HYDROXYCHLOROQUINE,True,positive,True,0,0,13,9,4,2,0,100,False
72,1250465886063878145,THANK YOU @realdonaldtrump watch compassion president trump #COVID19 survivor took,MISINFO, ,"Aug 4, 2020 @ 16:22:52.000",1,COVID19,True,positive,True,0,0,3,2,1,1,0,100,False
73,1250473441624330240,STAND FIRM PRESIDENT TRUMP china tells US fulfill obligations reverse WHO defunding doesnt china fulfill obligations world come clean #ChinaLiedPeopleDied via @breitbartnews,MISINFO, ,"Aug 4, 2020 @ 16:22:52.000",1,ChinaLiedPeopleDied,True,positive,True,0,0,8,7,1,1,0,100,False
74,1250463864078163970,china tells US fulfill obligations reverse WHO defunding doesnt china fulfill obligations,MISINFO, ,"Aug 4, 2020 @ 16:22:52.000",0,,True,positive,True,0,0,5,4,0,0,0,100,False
75,1250473734189637632,country society fools even pushing 1 #COVID19 infected territory occupies 2 #jihadis UT JK #Pakistan begging #hydroxychloroquine #IndiaFightsCorona makes even think possibility short,IRRELEVANT, ,"Aug 4, 2020 @ 16:22:52.000",5,COVID19 jihadis Pakistan hydroxychloroquine IndiaFightsCorona,False,negative,True,0,0,9,8,2,3,0,100,False
76,1250473419633618945,even pushing 1 #COVID19 infected territory occupies 2 #jihadis,IRRELEVANT, ,"Aug 4, 2020 @ 16:22:52.000",2,COVID19 jihadis,True,negative,True,0,0,5,4,1,1,0,100,False
77,1250473890981261312,oh military tribunals sweep subversives away know chinese owns democrats dems blame president #ChineseVirus china WHO dems need investigated treason dem sen murphy crisis trump china WHO,MISINFO, ,"Aug 4, 2020 @ 16:22:52.000",1,ChineseVirus,True,negative,True,0,0,14,8,1,0,0,100,False
78,1250472611793928195,know chinese owns democrats dems blame president #ChineseVirus china W,MISINFO, ,"Aug 4, 2020 @ 16:22:52.000",1,ChineseVirus,True,negative,True,0,0,7,4,1,0,0,100,False
79,1250474121588166656,give humanitarian grounds one thing I learnt lately two types people th,IRRELEVANT, ,"Aug 4, 2020 @ 16:22:52.000",0,,True,neutral,False,0,0,5,4,0,0,0,100,False
80,1250473419633618945,even pushing 1 #COVID19 infected territory occupies 2 #jihadis,IRRELEVANT, ,"Aug 4, 2020 @ 16:22:52.000",2,COVID19 jihadis,True,negative,True,0,0,5,4,1,1,0,100,False
81,1250474270230056961,I would say first stop cross border terrorism ceasefire violations let us talk even pushing 1 #COVID19 infected territory occupies 2 #jihadis UT JK #Pakistan begging #hydroxychloroquine #IndiaFightsCorona makes even think possibility short,MISINFO, ,"Aug 4, 2020 @ 16:22:52.000",5,COVID19 jihadis Pakistan hydroxychloroquine IndiaFightsCorona,False,negative,True,0,0,15,13,2,3,0,100,False
82,1250473419633618945,even pushing 1 #COVID19 infected territory occupies 2 #jihadis,IRRELEVANT, ,"Aug 4, 2020 @ 16:22:52.000",2,COVID19 jihadis,True,negative,True,0,0,5,4,1,1,0,100,False
83,1250474937774510080,early insights part work develop scientific models dashboards administrators policy,COMMENT, ,"Aug 4, 2020 @ 16:22:52.000",0,,True,neutral,False,0,0,6,3,0,0,0,100,False
84,1250465466901884929,#Thread #WuhanVirus #COVIDー19 #StatePerformance calculate real fatality course ongo,MISINFO, ,"Aug 4, 2020 @ 16:22:52.000",4,Thread WuhanVirus COVIDー19 StatePerformance,True,negative,True,0,0,3,1,1,1,0,100,False
85,1250475114560278533,would put case fatality rate 03 highest risk workers line study G,COMMENT, ,"Aug 4, 2020 @ 16:22:52.000",0,,True,negative,True,0,0,7,8,0,0,0,100,False
86,1250467674217480192,9000 US #HealthcareWorkers tested positive #CCPVirus space 2 months 27 died,COMMENT, ,"Aug 4, 2020 @ 16:22:52.000",2,HealthcareWorkers CCPVirus,True,neutral,False,0,0,6,4,1,1,0,100,False
87,1250475218197454849,major censoring untrue hide like threat #CoronavirusOutbreak IS A COVERUP F,IRRELEVANT, ,"Aug 4, 2020 @ 16:22:52.000",1,CoronavirusOutbreak,True,negative,True,0,0,3,2,0,1,0,100,False
88,1250461835393929216,worlds popular search engine google announced ban ads related #5G #coronavirus consp,COMMENT, ,"Aug 4, 2020 @ 16:22:52.000",2,5G coronavirus,True,negative,True,0,0,3,1,2,1,0,100,False
89,1250475882952744960,worst part appease others govt provide hydroxychloroquine free cost pakistan even pushing 1 #COVID19 infected territory occupies 2 #jihadis UT JK #Pakistan begging #hydroxychloroquine #IndiaFightsCorona makes even think possibility short,MISINFO, ,"Aug 4, 2020 @ 16:22:52.000",5,COVID19 jihadis Pakistan hydroxychloroquine IndiaFightsCorona,False,negative,True,0,0,13,11,2,3,0,100,False
90,1250473419633618945,even pushing 1 #COVID19 infected territory occupies 2 #jihadis,IRRELEVANT, ,"Aug 4, 2020 @ 16:22:52.000",2,COVID19 jihadis,True,negative,True,0,0,5,4,1,1,0,100,False
91,1250476465361244162,yes average year many also test positive whatever flu season yesmany work,MISINFO, ,"Aug 4, 2020 @ 16:22:52.000",0,,True,positive,True,0,0,9,6,0,0,0,100,False
92,1250467674217480192,9000 US #HealthcareWorkers tested positive #CCPVirus space 2 months 27 died,COMMENT, ,"Aug 4, 2020 @ 16:22:52.000",2,HealthcareWorkers CCPVirus,True,neutral,False,0,0,6,4,1,1,0,100,False
93,1250476753446776832,great man @realdonaldtrump wonder democrats rinos hate hed rather save lives th,RELEVANT, ,"Aug 4, 2020 @ 16:22:52.000",0,,True,positive,True,0,0,7,2,0,0,0,100,False
94,1250465886063878145,THANK YOU @realdonaldtrump watch compassion president trump #COVID19 survivor took,MISINFO, ,"Aug 4, 2020 @ 16:22:52.000",1,COVID19,True,positive,True,0,0,3,2,1,1,0,100,False
95,1250477066937458688,china guilty china tells US fulfill obligations reverse WHO defunding doesnt china fulfill obligations world come clean #ChinaLiedPeopleDied via @breitbartnews,RELEVANT, ,"Aug 4, 2020 @ 16:22:52.000",1,ChinaLiedPeopleDied,True,positive,True,0,0,9,8,1,1,0,100,False
96,1250463864078163970,china tells US fulfill obligations reverse WHO defunding doesnt china fulfill obligations,MISINFO, ,"Aug 4, 2020 @ 16:22:52.000",0,,True,positive,True,0,0,5,4,0,0,0,100,False
97,1250477912937115649,coincidence I dont think @chuckwoolery @4REDD4 thank @realdonaldtrump #ChinaLiedPeopleDied,MISINFO, ,"Aug 4, 2020 @ 16:22:52.000",1,ChinaLiedPeopleDied,True,positive,True,0,0,4,2,1,1,0,100,False
98,1250478022613962753,computers primary area expertise anybody troubles pcs getting hacked crashed,COMMENT, ,"Aug 4, 2020 @ 16:22:52.000",0,,True,negative,True,0,0,1,1,0,0,0,100,False
99,1250471971420278786,microsoft word still hasnt fully debugged 36 years since initial release I really,COMMENT, ,"Aug 4, 2020 @ 16:22:52.000",0,,True,neutral,False,0,0,4,5,0,0,0,100,False
100,1250478462822952960,I agree also deserve answers WHO transparent especially relation virus @davidmakali1 @realdonaldtrump @WHO thanks narrative change cant change even biden china @WHO messed handling #ChineseVirus trump giving USA european position new world order see china allies get pressure europe USA detrimental china economically,COMMENT, ,"Aug 4, 2020 @ 16:22:52.000",1,ChineseVirus,False,positive,True,0,0,21,15,1,0,0,100,False
101,1250454321889775619,@davidmakali1 @realdonaldtrump @WHO thanks narrative change cant change even biden china amp @WHO,COMMENT, ,"Aug 4, 2020 @ 16:22:52.000",0,,True,positive,True,0,0,8,5,0,0,0,100,False
102,1250479308092649477,got right hydrooxychloroquine cure antiamerican globalist media assets calling #Hydroxychloroquine false hope means REAL hope #StormIsUponUs #GabPost 1,MISINFO, ,"Aug 4, 2020 @ 16:22:52.000",3,Hydroxychloroquine StormIsUponUs GabPost,True,positive,True,0,0,11,7,1,1,0,100,False
103,1250478897914884096,antiamerican globalist media assets calling #Hydroxychloroquine false hope means REAL hope,MISINFO, ,"Aug 4, 2020 @ 16:22:52.000",1,Hydroxychloroquine,True,positive,True,0,0,7,4,1,1,0,100,False
104,1250479554310758400,agree underrated performer #ChineseVirus season,COMMENT, ,"Aug 4, 2020 @ 16:22:52.000",1,ChineseVirus,False,positive,True,0,0,2,0,1,0,0,100,False
105,1250479623080685568,one saw THAT coming A #Florida man arrested suspicion committing 2nddegree murder one day released jail fears #CCPVirus could spread correctional facilities authorities said,MISINFO, ,"Aug 4, 2020 @ 16:22:52.000",2,Florida CCPVirus,True,negative,True,0,0,11,7,1,2,0,100,False
106,1250479018467524609,A #Florida man arrested suspicion committing 2nddegree murder one day released,COMMENT, ,"Aug 4, 2020 @ 16:22:52.000",1,Florida,True,negative,True,0,0,5,1,0,1,0,100,False
107,1250479708229324801,please please please shut pelosi killing americans nancy pelosi would rather oppose president trump acknowledge working american people #ChinaLiedPeopleDied,RELEVANT, ,"Aug 4, 2020 @ 16:22:52.000",1,ChinaLiedPeopleDied,True,positive,True,0,0,15,10,1,1,0,100,False
108,1250479329882112000,nancy pelosi would rather oppose president trump acknowledge working american people,IRRELEVANT, ,"Aug 4, 2020 @ 16:22:52.000",0,,True,neutral,False,0,0,8,5,0,0,0,100,False
109,1250480018800758786,REMOVE THE SHERIFF A #Florida man arrested suspicion committing 2nddegree murder one day released jail fears #CCPVirus could spread correctional facilities authorities said,MISINFO, ,"Aug 4, 2020 @ 16:22:52.000",2,Florida CCPVirus,True,negative,True,0,0,9,5,1,2,0,100,False
110,1250479018467524609,A #Florida man arrested suspicion committing 2nddegree murder one day released,COMMENT, ,"Aug 4, 2020 @ 16:22:52.000",1,Florida,True,negative,True,0,0,5,1,0,1,0,100,False
111,1250480187424325636,fuck china owe every country dead person lost revenues created due china flu pande,COMMENT, ,"Aug 4, 2020 @ 16:22:52.000",0,,True,negative,True,0,0,10,8,0,0,0,100,False
112,1250463864078163970,china tells US fulfill obligations reverse WHO defunding doesnt china fulfill obligations,MISINFO, ,"Aug 4, 2020 @ 16:22:52.000",0,,True,positive,True,0,0,5,4,0,0,0,100,False
113,1250480280885956608,reason rest world doesnt like decision longer means get benefit,MISINFO, ,"Aug 4, 2020 @ 16:22:52.000",0,,True,positive,True,0,0,8,7,0,0,0,100,False
114,1250468561702748162,@spectatorindex I support president trumps @realdonaldtrump decision halt funds 2 WHO pending investigat,MISINFO, ,"Aug 4, 2020 @ 16:22:52.000",0,,True,positive,True,0,0,3,4,0,0,0,100,False
115,1250480396527173634,crying oti try went agege market todaysee ehn body dey pain #NoBrezzNoMassage #ChineseVirus #WuhanVirus #ChineseWuhanVirus,COMMENT, ,"Aug 4, 2020 @ 16:22:52.000",4,NoBrezzNoMassage ChineseVirus WuhanVirus ChineseWuhanVirus,False,negative,True,0,0,4,3,2,1,0,100,False
116,1250480718867726337,@glickmanjd @realmattcouch thoughts morningour biggest enemy americas blind partisanship flashbackthe #CDC perfect either lots blame go around CDC #WHO dropped ball partisan politics ways hass fried USA #Gridlock could demise #SARSCoV2 #COVID19 #WHOLiedPeopleDied #WednesdayWisdom #bailouthumans #iPhone,MISINFO, ,"Aug 4, 2020 @ 16:22:52.000",9,CDC WHO Gridlock SARSCoV2 COVID19 WHOLiedPeopleDied WednesdayWisdom bailouthumans iPhone,True,negative,True,0,0,8,3,4,4,0,100,False
117,1250457657586089987,flashbackthe #CDC perfect either lots blame go around CDC #WHO dropped ba,MISINFO, ,"Aug 4, 2020 @ 16:22:52.000",2,CDC WHO,True,positive,True,0,0,5,2,2,2,0,100,False
118,1250481096443248641,good stories like come POTUS always wants help people THANK YOU @realdonaldtrump watch compassion president trump #COVID19 survivor took #hydroxychloroquine secondary complication lyme disease high risk medication #HYDROXYCHLOROQUINE saved life thank god trump,MISINFO, ,"Aug 4, 2020 @ 16:22:52.000",3,COVID19 hydroxychloroquine HYDROXYCHLOROQUINE,True,positive,True,0,0,17,12,3,2,0,100,False
119,1250465886063878145,THANK YOU @realdonaldtrump watch compassion president trump #COVID19 survivor took,MISINFO, ,"Aug 4, 2020 @ 16:22:52.000",1,COVID19,True,positive,True,0,0,3,2,1,1,0,100,False
120,1250481305516638208,#StopMekongDam #Chinazi propaganda shameless telling every part world going return,COMMENT, ,"Aug 4, 2020 @ 16:22:52.000",2,StopMekongDam Chinazi,True,negative,True,0,0,6,4,0,0,0,100,False
121,1250477534740746240,#nmslese #wumaos giving FF towards places countries want reunited #nmsland desp,IRRELEVANT, ,"Aug 4, 2020 @ 16:22:52.000",3,nmslese wumaos nmsland,True,positive,True,0,0,2,2,0,0,0,100,False
122,1250481365092458498,true said #Ashoke jiits high time #Pellet guns remedy themshameless creatures stones pelted police moradabad @myogiadityanath please permit @uppolice use pellet guns guts sab theek ho jayega #coronavirus #CoronaVillains,MISINFO, ,"Aug 4, 2020 @ 16:22:52.000",4,Ashoke Pellet coronavirus CoronaVillains,True,positive,True,0,0,6,6,1,1,0,100,False
123,1250479329277952000,stones pelted police moradabad @myogiadityanath please permit @uppolice use pellet g,MISINFO, ,"Aug 4, 2020 @ 16:22:52.000",0,,True,positive,True,0,0,2,2,0,0,0,100,False
124,1250481379424395265,totally agreed stones pelted police moradabad @myogiadityanath please permit @uppolice use pellet guns guts sab theek ho jayega #coronavirus #CoronaVillains,MISINFO, ,"Aug 4, 2020 @ 16:22:52.000",2,coronavirus CoronaVillains,True,positive,True,0,0,3,2,1,1,0,100,False
125,1250479329277952000,stones pelted police moradabad @myogiadityanath please permit @uppolice use pellet g,MISINFO, ,"Aug 4, 2020 @ 16:22:52.000",0,,True,positive,True,0,0,2,2,0,0,0,100,False
126,1250481488375672832,maybe china could pick cost china tells US fulfill obligations reverse WHO defunding doesnt china fulfill obligations world come clean #ChinaLiedPeopleDied via @breitbartnews,RELEVANT, ,"Aug 4, 2020 @ 16:22:52.000",1,ChinaLiedPeopleDied,True,positive,True,0,0,11,10,1,1,0,100,False
127,1250463864078163970,china tells US fulfill obligations reverse WHO defunding doesnt china fulfill obligations,MISINFO, ,"Aug 4, 2020 @ 16:22:52.000",0,,True,positive,True,0,0,5,4,0,0,0,100,False
128,1250481627530059777,obligation WHO china tells US fulfill obligations reverse WHO defunding doesnt china fulfill obligations world come clean #ChinaLiedPeopleDied via @breitbartnews,MISINFO, ,"Aug 4, 2020 @ 16:22:52.000",1,ChinaLiedPeopleDied,True,positive,True,0,0,8,7,1,1,0,100,False
129,1250463864078163970,china tells US fulfill obligations reverse WHO defunding doesnt china fulfill obligations,MISINFO, ,"Aug 4, 2020 @ 16:22:52.000",0,,True,positive,True,0,0,5,4,0,0,0,100,False
130,1250481737169166341,looks like people waging war state stones pelted police moradabad @myogiadityanath please permit @uppolice use pellet guns guts sab theek ho jayega #coronavirus #CoronaVillains,MISINFO, ,"Aug 4, 2020 @ 16:22:52.000",2,coronavirus CoronaVillains,True,negative,True,0,0,6,4,1,1,0,100,False
131,1250479329277952000,stones pelted police moradabad @myogiadityanath please permit @uppolice use pellet g,MISINFO, ,"Aug 4, 2020 @ 16:22:52.000",0,,True,positive,True,0,0,2,2,0,0,0,100,False
132,1250481782765449216,know holding funds chinese PR firm right decision america I mean mr gates,COMMENT, ,"Aug 4, 2020 @ 16:22:52.000",0,,True,neutral,False,0,0,6,6,0,0,0,100,False
133,1250482210773168130,said right IF yogi ji doesnt one else doomed stones pelted police moradabad @myogiadityanath please permit @uppolice use pellet guns guts sab theek ho jayega #coronavirus #CoronaVillains,MISINFO, ,"Aug 4, 2020 @ 16:22:52.000",2,coronavirus CoronaVillains,True,positive,True,0,0,7,6,1,1,0,100,False
134,1250479329277952000,stones pelted police moradabad @myogiadityanath please permit @uppolice use pellet g,MISINFO, ,"Aug 4, 2020 @ 16:22:52.000",0,,True,positive,True,0,0,2,2,0,0,0,100,False
135,1250482298157281280,dont think serious offenders released jail @realdonaldtrump A #Florida man arrested suspicion committing 2nddegree murder one day released jail fears #CCPVirus could spread correctional facilities authorities said,MISINFO, ,"Aug 4, 2020 @ 16:22:52.000",2,Florida CCPVirus,True,negative,True,0,0,14,8,1,2,0,100,False
136,1250479018467524609,A #Florida man arrested suspicion committing 2nddegree murder one day released,COMMENT, ,"Aug 4, 2020 @ 16:22:52.000",1,Florida,True,negative,True,0,0,5,1,0,1,0,100,False
137,1250482804212760577,M humans wht love stone stones pelted police moradabad @myogiadityanath please permit @uppolice use pellet guns guts sab theek ho jayega #coronavirus #CoronaVillains,MISINFO, ,"Aug 4, 2020 @ 16:22:52.000",2,coronavirus CoronaVillains,True,positive,True,0,0,4,3,1,1,0,100,False
138,1250479329277952000,stones pelted police moradabad @myogiadityanath please permit @uppolice use pellet g,MISINFO, ,"Aug 4, 2020 @ 16:22:52.000",0,,True,positive,True,0,0,2,2,0,0,0,100,False
139,1250483092860686337,holy shit competent governor flattening curve south dakota noem said #SouthDakotas @govkristinoem said issuing #StayAtHome order amid #CCPVirus #Pandemic 100 cases confirmed state,MISINFO, ,"Aug 4, 2020 @ 16:22:52.000",4,SouthDakotas StayAtHome CCPVirus Pandemic,True,negative,True,0,0,9,5,1,1,0,100,False
140,1250482776933109761,flattening curve south dakota noem said #SouthDakotas @govkristinoem said issui,COMMENT, ,"Aug 4, 2020 @ 16:22:52.000",1,SouthDakotas,True,neutral,False,0,0,3,2,0,0,0,100,False
141,1250483184023695360,I flattening curve sent homenow I eat flattening curve south dakota noem said #SouthDakotas @govkristinoem said issuing #StayAtHome order amid #CCPVirus #Pandemic 100 cases confirmed state,MISINFO, ,"Aug 4, 2020 @ 16:22:52.000",4,SouthDakotas StayAtHome CCPVirus Pandemic,True,neutral,False,0,0,11,4,1,1,0,100,False
142,1250482776933109761,flattening curve south dakota noem said #SouthDakotas @govkristinoem said issui,COMMENT, ,"Aug 4, 2020 @ 16:22:52.000",1,SouthDakotas,True,neutral,False,0,0,3,2,0,0,0,100,False
143,1250483279217651712,attention @jkenney malaria pill doesnt help clear virus study #Hydroxychloroquine #scicomm #COVID19 probably unlikely clinical benefit remember promising drugs NOT make clinical application good science always needed,RELEVANT, ,"Aug 4, 2020 @ 16:22:52.000",3,Hydroxychloroquine scicomm COVID19,True,positive,True,0,0,15,14,2,2,0,100,False
144,1250480817685454849,malaria pill doesnt help clear virus study #Hydroxychloroquine #scicomm #COVID19,COMMENT, ,"Aug 4, 2020 @ 16:22:52.000",3,Hydroxychloroquine scicomm COVID19,True,negative,True,0,0,5,5,2,2,0,100,False
145,1250483306975682562,#outnumberedot anyone blames president trump instead china #WuhanVirus intellectually dishonest dumb rock #FoxNews #OutNumberedOT,MISINFO, ,"Aug 4, 2020 @ 16:22:52.000",4,outnumberedot WuhanVirus FoxNews OutNumberedOT,False,negative,True,0,0,6,4,1,1,0,100,False
146,1250478422398304262,anyone blames president trump instead china #WuhanVirus intellectually dishonest dumb roc,MISINFO, ,"Aug 4, 2020 @ 16:22:52.000",1,WuhanVirus,True,negative,True,0,0,6,4,1,1,0,100,False
147,1250483318157717510,president @realdonaldtrump also made offer see white house doctor left see,COMMENT, ,"Aug 4, 2020 @ 16:22:52.000",0,,True,neutral,False,0,0,8,8,0,0,0,100,False
148,1250465886063878145,THANK YOU @realdonaldtrump watch compassion president trump #COVID19 survivor took,MISINFO, ,"Aug 4, 2020 @ 16:22:52.000",1,COVID19,True,positive,True,0,0,3,2,1,1,0,100,False
149,1250483391822213120,imagine shock A #Florida man arrested suspicion committing 2nddegree murder one day released jail fears #CCPVirus could spread correctional facilities authorities said,MISINFO, ,"Aug 4, 2020 @ 16:22:52.000",2,Florida CCPVirus,True,negative,True,0,0,9,5,1,2,0,100,False
150,1250479018467524609,A #Florida man arrested suspicion committing 2nddegree murder one day released,COMMENT, ,"Aug 4, 2020 @ 16:22:52.000",1,Florida,True,negative,True,0,0,5,1,0,1,0,100,False
151,1250483754910416896,red line start killing americans propaganda antiamerican globalist media assets calling #Hydroxychloroquine false hope means REAL hope #StormIsUponUs #GabPost 1,MISINFO, ,"Aug 4, 2020 @ 16:22:52.000",3,Hydroxychloroquine StormIsUponUs GabPost,True,positive,True,0,0,12,9,1,1,0,100,False
152,1250478897914884096,antiamerican globalist media assets calling #Hydroxychloroquine false hope means REAL hope,MISINFO, ,"Aug 4, 2020 @ 16:22:52.000",1,Hydroxychloroquine,True,positive,True,0,0,7,4,1,1,0,100,False
153,1250483864147054595,good flattening curve south dakota noem said #SouthDakotas @govkristinoem said issuing #StayAtHome order amid #CCPVirus #Pandemic 100 cases confirmed state,MISINFO, ,"Aug 4, 2020 @ 16:22:52.000",4,SouthDakotas StayAtHome CCPVirus Pandemic,True,positive,True,0,0,9,5,1,1,0,100,False
154,1250482776933109761,flattening curve south dakota noem said #SouthDakotas @govkristinoem said issui,COMMENT, ,"Aug 4, 2020 @ 16:22:52.000",1,SouthDakotas,True,neutral,False,0,0,3,2,0,0,0,100,False
155,1250466549514764293,RT @billgertz indepth interview ccps virus cover,MISINFO, ,"Aug 4, 2020 @ 16:22:52.000",0,,False,neutral,False,0,0,4,3,0,0,0,100,False
156,1250461730624491522,PREMIERE 8pm ET theres silver lining horrible pandemicits,COMMENT, ,"Aug 4, 2020 @ 16:22:52.000",0,,True,negative,True,0,0,1,0,0,0,0,100,False
157,1250466589041983489,RT @billgertz indepth interview ccps virus cover,MISINFO, ,"Aug 4, 2020 @ 16:22:52.000",0,,True,neutral,False,0,0,4,3,0,0,0,100,False
158,1250461730624491522,PREMIERE 8pm ET theres silver lining horrible pandemicits,COMMENT, ,"Aug 4, 2020 @ 16:22:52.000",0,,True,negative,True,0,0,1,0,0,0,0,100,False
159,1250466642825490432,RT @billgertz indepth interview ccps virus cover,MISINFO, ,"Aug 4, 2020 @ 16:22:52.000",0,,False,neutral,False,0,0,4,3,0,0,0,100,False
160,1250461730624491522,PREMIERE 8pm ET theres silver lining horrible pandemicits,COMMENT, ,"Aug 4, 2020 @ 16:22:52.000",0,,True,negative,True,0,0,1,0,0,0,0,100,False
161,1250466754909753344,RT @billgertz indepth interview ccps virus cover,MISINFO, ,"Aug 4, 2020 @ 16:22:52.000",0,,True,neutral,False,0,0,4,3,0,0,0,100,False
162,1250461730624491522,PREMIERE 8pm ET theres silver lining horrible pandemicits,COMMENT, ,"Aug 4, 2020 @ 16:22:52.000",0,,True,negative,True,0,0,1,0,0,0,0,100,False
163,1250466910791180290,RT @billgertz indepth interview ccps virus cover,MISINFO, ,"Aug 4, 2020 @ 16:22:52.000",0,,False,neutral,False,0,0,4,3,0,0,0,100,False
164,1250461730624491522,PREMIERE 8pm ET theres silver lining horrible pandemicits,COMMENT, ,"Aug 4, 2020 @ 16:22:52.000",0,,True,negative,True,0,0,1,0,0,0,0,100,False
165,1250466991015464960,RT @billgertz indepth interview ccps virus cover,MISINFO, ,"Aug 4, 2020 @ 16:22:52.000",0,,False,neutral,False,0,0,4,3,0,0,0,100,False
166,1250461730624491522,PREMIERE 8pm ET theres silver lining horrible pandemicits,COMMENT, ,"Aug 4, 2020 @ 16:22:52.000",0,,True,negative,True,0,0,1,0,0,0,0,100,False
167,1250467021453737985,RT @billgertz indepth interview ccps virus cover,MISINFO, ,"Aug 4, 2020 @ 16:22:52.000",0,,False,neutral,False,0,0,4,3,0,0,0,100,False
168,1250461730624491522,PREMIERE 8pm ET theres silver lining horrible pandemicits,COMMENT, ,"Aug 4, 2020 @ 16:22:52.000",0,,True,negative,True,0,0,1,0,0,0,0,100,False
169,1250467053837922307,RT @billgertz indepth interview ccps virus cover,MISINFO, ,"Aug 4, 2020 @ 16:22:52.000",0,,False,neutral,False,0,0,4,3,0,0,0,100,False
170,1250461730624491522,PREMIERE 8pm ET theres silver lining horrible pandemicits,COMMENT, ,"Aug 4, 2020 @ 16:22:52.000",0,,True,negative,True,0,0,1,0,0,0,0,100,False
171,1250467496156684292,RT @billgertz indepth interview ccps virus cover,MISINFO, ,"Aug 4, 2020 @ 16:22:52.000",0,,False,neutral,False,0,0,4,3,0,0,0,100,False
172,1250461730624491522,PREMIERE 8pm ET theres silver lining horrible pandemicits,COMMENT, ,"Aug 4, 2020 @ 16:22:52.000",0,,True,negative,True,0,0,1,0,0,0,0,100,False
173,1250467563114385409,RT @billgertz indepth interview ccps virus cover,MISINFO, ,"Aug 4, 2020 @ 16:22:52.000",0,,True,neutral,False,0,0,4,3,0,0,0,100,False
174,1250461730624491522,PREMIERE 8pm ET theres silver lining horrible pandemicits,COMMENT, ,"Aug 4, 2020 @ 16:22:52.000",0,,True,negative,True,0,0,1,0,0,0,0,100,False
175,1250467565916356615,RT @billgertz indepth interview ccps virus cover,MISINFO, ,"Aug 4, 2020 @ 16:22:52.000",0,,True,neutral,False,0,0,4,3,0,0,0,100,False
176,1250461730624491522,PREMIERE 8pm ET theres silver lining horrible pandemicits,COMMENT, ,"Aug 4, 2020 @ 16:22:52.000",0,,True,negative,True,0,0,1,0,0,0,0,100,False
177,1250468077701128193,RT @billgertz indepth interview ccps virus cover,MISINFO, ,"Aug 4, 2020 @ 16:22:52.000",0,,False,neutral,False,0,0,4,3,0,0,0,100,False
178,1250461730624491522,PREMIERE 8pm ET theres silver lining horrible pandemicits,COMMENT, ,"Aug 4, 2020 @ 16:22:52.000",0,,True,negative,True,0,0,1,0,0,0,0,100,False
179,1250468615414894594,RT @billgertz indepth interview ccps virus cover,MISINFO, ,"Aug 4, 2020 @ 16:22:52.000",0,,True,neutral,False,0,0,4,3,0,0,0,100,False
180,1250461730624491522,PREMIERE 8pm ET theres silver lining horrible pandemicits,COMMENT, ,"Aug 4, 2020 @ 16:22:52.000",0,,True,negative,True,0,0,1,0,0,0,0,100,False
181,1250468740220588033,RT @billgertz indepth interview ccps virus cover,MISINFO, ,"Aug 4, 2020 @ 16:22:52.000",0,,False,neutral,False,0,0,4,3,0,0,0,100,False
182,1250461730624491522,PREMIERE 8pm ET theres silver lining horrible pandemicits,COMMENT, ,"Aug 4, 2020 @ 16:22:52.000",0,,True,negative,True,0,0,1,0,0,0,0,100,False
183,1250468872576253953,RT @billgertz indepth interview ccps virus cover,MISINFO, ,"Aug 4, 2020 @ 16:22:52.000",0,,True,neutral,False,0,0,4,3,0,0,0,100,False
184,1250461730624491522,PREMIERE 8pm ET theres silver lining horrible pandemicits,COMMENT, ,"Aug 4, 2020 @ 16:22:52.000",0,,True,negative,True,0,0,1,0,0,0,0,100,False
185,1250469300164530178,RT @billgertz indepth interview ccps virus cover,MISINFO, ,"Aug 4, 2020 @ 16:22:52.000",0,,False,neutral,False,0,0,4,3,0,0,0,100,False
186,1250461730624491522,PREMIERE 8pm ET theres silver lining horrible pandemicits,COMMENT, ,"Aug 4, 2020 @ 16:22:52.000",0,,True,negative,True,0,0,1,0,0,0,0,100,False
187,1250469399347118082,RT @billgertz indepth interview ccps virus cover,MISINFO, ,"Aug 4, 2020 @ 16:22:52.000",0,,True,neutral,False,0,0,4,3,0,0,0,100,False
188,1250461730624491522,PREMIERE 8pm ET theres silver lining horrible pandemicits,COMMENT, ,"Aug 4, 2020 @ 16:22:52.000",0,,True,negative,True,0,0,1,0,0,0,0,100,False
189,1250469519056723970,RT @billgertz indepth interview ccps virus cover,MISINFO, ,"Aug 4, 2020 @ 16:22:52.000",0,,False,neutral,False,0,0,4,3,0,0,0,100,False
190,1250461730624491522,PREMIERE 8pm ET theres silver lining horrible pandemicits,COMMENT, ,"Aug 4, 2020 @ 16:22:52.000",0,,True,negative,True,0,0,1,0,0,0,0,100,False
191,1250470354947993600,RT @billgertz indepth interview ccps virus cover,MISINFO, ,"Aug 4, 2020 @ 16:22:52.000",0,,False,neutral,False,0,0,4,3,0,0,0,100,False
192,1250461730624491522,PREMIERE 8pm ET theres silver lining horrible pandemicits,COMMENT, ,"Aug 4, 2020 @ 16:22:52.000",0,,True,negative,True,0,0,1,0,0,0,0,100,False
193,1250470448275443712,RT @twiish_ fake news,COMMENT, ,"Aug 4, 2020 @ 16:22:52.000",0,,False,negative,True,0,0,3,2,0,0,0,100,False
194,1250469795407048706,italy denied taking #Hydroxychloroquine india stating drinking water daughters inlaw house prohibited,MISINFO, ,"Aug 4, 2020 @ 16:22:52.000",1,Hydroxychloroquine,True,negative,True,0,0,4,1,1,1,0,100,False
195,1250470727288946688,RT @billgertz indepth interview ccps virus cover,MISINFO, ,"Aug 4, 2020 @ 16:22:52.000",0,,True,neutral,False,0,0,4,3,0,0,0,100,False
196,1250461730624491522,PREMIERE 8pm ET theres silver lining horrible pandemicits,COMMENT, ,"Aug 4, 2020 @ 16:22:52.000",0,,True,negative,True,0,0,1,0,0,0,0,100,False
197,1250470740773580800,RT @twiish_ fake news,COMMENT, ,"Aug 4, 2020 @ 16:22:52.000",0,,False,negative,True,0,0,3,2,0,0,0,100,False
198,1250469795407048706,italy denied taking #Hydroxychloroquine india stating drinking water daughters inlaw house prohibited,MISINFO, ,"Aug 4, 2020 @ 16:22:52.000",1,Hydroxychloroquine,True,negative,True,0,0,4,1,1,1,0,100,False
199,1250471417486835712,RT @hkbhagwa underrated stalwart many hijdas call corrupt framed,COMMENT, ,"Aug 4, 2020 @ 16:22:52.000",0,,False,neutral,False,0,0,4,1,0,0,0,100,False
200,1250467303705083904,underrated performer #ChineseVirus season,COMMENT, ,"Aug 4, 2020 @ 16:22:52.000",1,ChineseVirus,False,neutral,False,0,0,1,0,1,0,0,100,False
201,1250471826125230081,RT @billgertz indepth interview ccps virus cover,MISINFO, ,"Aug 4, 2020 @ 16:22:52.000",0,,True,neutral,False,0,0,4,3,0,0,0,100,False
202,1250461730624491522,PREMIERE 8pm ET theres silver lining horrible pandemicits,COMMENT, ,"Aug 4, 2020 @ 16:22:52.000",0,,True,negative,True,0,0,1,0,0,0,0,100,False
203,1250472497318899713,RT @billgertz indepth interview ccps virus cover,MISINFO, ,"Aug 4, 2020 @ 16:22:52.000",0,,True,neutral,False,0,0,4,3,0,0,0,100,False
204,1250461730624491522,PREMIERE 8pm ET theres silver lining horrible pandemicits,COMMENT, ,"Aug 4, 2020 @ 16:22:52.000",0,,True,negative,True,0,0,1,0,0,0,0,100,False
205,1250474391651188736,RT @billgertz indepth interview ccps virus cover,MISINFO, ,"Aug 4, 2020 @ 16:22:52.000",0,,False,neutral,False,0,0,4,3,0,0,0,100,False
206,1250461730624491522,PREMIERE 8pm ET theres silver lining horrible pandemicits,COMMENT, ,"Aug 4, 2020 @ 16:22:52.000",0,,True,negative,True,0,0,1,0,0,0,0,100,False
207,1250474423393583106,RT @peonedahlia oh military tribunals sweep subversives away,MISINFO, ,"Aug 4, 2020 @ 16:22:52.000",0,,False,neutral,False,0,0,4,0,0,0,0,100,False
208,1250472611793928195,know chinese owns democrats dems blame president #ChineseVirus china W,MISINFO, ,"Aug 4, 2020 @ 16:22:52.000",1,ChineseVirus,True,negative,True,0,0,7,4,1,0,0,100,False
209,1250475094306181125,RT @billgertz indepth interview ccps virus cover,MISINFO, ,"Aug 4, 2020 @ 16:22:52.000",0,,True,neutral,False,0,0,4,3,0,0,0,100,False
210,1250461730624491522,PREMIERE 8pm ET theres silver lining horrible pandemicits,COMMENT, ,"Aug 4, 2020 @ 16:22:52.000",0,,True,negative,True,0,0,1,0,0,0,0,100,False
211,1250475629042110464,RT @billgertz indepth interview ccps virus cover,MISINFO, ,"Aug 4, 2020 @ 16:22:52.000",0,,False,neutral,False,0,0,4,3,0,0,0,100,False
212,1250461730624491522,PREMIERE 8pm ET theres silver lining horrible pandemicits,COMMENT, ,"Aug 4, 2020 @ 16:22:52.000",0,,True,negative,True,0,0,1,0,0,0,0,100,False
213,1250475817592709121,RT @billgertz indepth interview ccps virus cover,MISINFO, ,"Aug 4, 2020 @ 16:22:52.000",0,,False,neutral,False,0,0,4,3,0,0,0,100,False
214,1250461730624491522,PREMIERE 8pm ET theres silver lining horrible pandemicits,COMMENT, ,"Aug 4, 2020 @ 16:22:52.000",0,,True,negative,True,0,0,1,0,0,0,0,100,False
215,1250478157226016770,RT @billgertz indepth interview ccps virus cover,MISINFO, ,"Aug 4, 2020 @ 16:22:52.000",0,,False,neutral,False,0,0,4,3,0,0,0,100,False
216,1250461730624491522,PREMIERE 8pm ET theres silver lining horrible pandemicits,COMMENT, ,"Aug 4, 2020 @ 16:22:52.000",0,,True,negative,True,0,0,1,0,0,0,0,100,False
217,1250479315449335808,RT @billgertz indepth interview ccps virus cover,MISINFO, ,"Aug 4, 2020 @ 16:22:52.000",0,,False,neutral,False,0,0,4,3,0,0,0,100,False
218,1250461730624491522,PREMIERE 8pm ET theres silver lining horrible pandemicits,COMMENT, ,"Aug 4, 2020 @ 16:22:52.000",0,,True,negative,True,0,0,1,0,0,0,0,100,False
219,1250480043156926464,RT @billgertz indepth interview ccps virus cover,MISINFO, ,"Aug 4, 2020 @ 16:22:52.000",0,,False,neutral,False,0,0,4,3,0,0,0,100,False
220,1250461730624491522,PREMIERE 8pm ET theres silver lining horrible pandemicits,COMMENT, ,"Aug 4, 2020 @ 16:22:52.000",0,,True,negative,True,0,0,1,0,0,0,0,100,False
221,1250480244441575424,RT @billgertz indepth interview ccps virus cover,MISINFO, ,"Aug 4, 2020 @ 16:22:52.000",0,,False,neutral,False,0,0,4,3,0,0,0,100,False
222,1250461730624491522,PREMIERE 8pm ET theres silver lining horrible pandemicits,COMMENT, ,"Aug 4, 2020 @ 16:22:52.000",0,,True,negative,True,0,0,1,0,0,0,0,100,False
223,1250480499136638983,RT @billgertz indepth interview ccps virus cover,MISINFO, ,"Aug 4, 2020 @ 16:22:52.000",0,,True,neutral,False,0,0,4,3,0,0,0,100,False
224,1250461730624491522,PREMIERE 8pm ET theres silver lining horrible pandemicits,COMMENT, ,"Aug 4, 2020 @ 16:22:52.000",0,,True,negative,True,0,0,1,0,0,0,0,100,False
225,1250480640606134274,RT @billgertz indepth interview ccps virus cover,MISINFO, ,"Aug 4, 2020 @ 16:22:52.000",0,,False,neutral,False,0,0,4,3,0,0,0,100,False
226,1250461730624491522,PREMIERE 8pm ET theres silver lining horrible pandemicits,COMMENT, ,"Aug 4, 2020 @ 16:22:52.000",0,,True,negative,True,0,0,1,0,0,0,0,100,False
227,1250481546265575425,RT @billgertz indepth interview ccps virus cover,MISINFO, ,"Aug 4, 2020 @ 16:22:52.000",0,,True,neutral,False,0,0,4,3,0,0,0,100,False
228,1250461730624491522,PREMIERE 8pm ET theres silver lining horrible pandemicits,COMMENT, ,"Aug 4, 2020 @ 16:22:52.000",0,,True,negative,True,0,0,1,0,0,0,0,100,False
229,1250481636669452288,RT @billgertz indepth interview ccps virus cover,MISINFO, ,"Aug 4, 2020 @ 16:22:52.000",0,,False,neutral,False,0,0,4,3,0,0,0,100,False
230,1250461730624491522,PREMIERE 8pm ET theres silver lining horrible pandemicits,COMMENT, ,"Aug 4, 2020 @ 16:22:52.000",0,,True,negative,True,0,0,1,0,0,0,0,100,False
231,1250481960398569472,RT @paulphaneuf THATS A MORTALITY RATE AMONG KNOWN INFECTIONS OF 003 wonder many died natural causes,COMMENT, ,"Aug 4, 2020 @ 16:22:52.000",0,,False,negative,True,0,0,4,3,0,0,0,100,False
232,1250467674217480192,9000 US #HealthcareWorkers tested positive #CCPVirus space 2 months 27 died,COMMENT, ,"Aug 4, 2020 @ 16:22:52.000",2,HealthcareWorkers CCPVirus,True,neutral,False,0,0,6,4,1,1,0,100,False
233,1250482016111427585,RT @billgertz indepth interview ccps virus cover,MISINFO, ,"Aug 4, 2020 @ 16:22:52.000",0,,True,neutral,False,0,0,4,3,0,0,0,100,False
234,1250461730624491522,PREMIERE 8pm ET theres silver lining horrible pandemicits,COMMENT, ,"Aug 4, 2020 @ 16:22:52.000",0,,True,negative,True,0,0,1,0,0,0,0,100,False
